Asset Tag,Asset Type,Asset Category,Asset State,Connected or Isolated,Acquisition Date,Warranty Expiry Date,Product Make/Model,Product Type,Serial Number,Adaptor Serial Number,OS,OS version,OS build Version,Processor Name/Speed,Total Memory,HardDisk Capacity,MonitorMake/Model,Monitor Serial Number,User,Employee ID,Level,Category,Designation,Email,Mobile,Department,Section,Location,Description,Purchase Order Number,Purchase Date,Supply Vendor,SAP CODE,Encryption Status
APX-LAP-101,Laptop,Mobile Workstation,In Use,Connected,2024-01-15,2027-01-15,Dell Latitude 5430,Laptop,APX-SN-54301,APX-AD-001,Windows 11 Enterprise,23H2,22631.3007,Intel Core i7-1265U 2.7 GHz,16384 MB,512 GB NVMe SSD,Dell U2422H,APX-MN-101,John Doe,EMP001,L4,Officer,Enterprise Architect,john.doe@apexcorp.demo,9876543210,IT,Enterprise Systems,HQ - Tech Center,Primary development laptop,PO-2024-001,2024-01-10,Apex Infotech Solutions,100101,BitLocker Enabled
APX-LAP-102,Laptop,Standard Laptop,In Use,Connected,2024-02-10,2027-02-10,HP EliteBook 840 G9,Laptop,APX-SN-84002,APX-AD-002,Windows 11 Enterprise,23H2,22631.3007,Intel Core i5-1245U 2.5 GHz,16384 MB,512 GB SSD,HP E24 G4,APX-MN-102,Jane Smith,EMP002,L3,Officer,Financial Controller,jane.smith@apexcorp.demo,9876543211,Finance,Corporate Accounts,HQ - Tech Center,Finance reporting laptop,PO-2024-002,2024-02-01,Apex Infotech Solutions,100102,BitLocker Enabled
APX-LAP-103,Laptop,Standard Laptop,In Use,Connected,2024-03-05,2027-03-05,Lenovo ThinkPad T14,Laptop,APX-SN-14003,APX-AD-003,Windows 11 Enterprise,23H2,22631.3007,AMD Ryzen 7 PRO 6850U,32768 MB,1024 GB NVMe SSD,Lenovo ThinkVision T24i,APX-MN-103,Alex Johnson,EMP003,L3,Officer,Operations Lead,alex.johnson@apexcorp.demo,9876543212,Operations,Plant Logistics,Plant Alpha,Operations control workstation,PO-2024-003,2024-02-20,Apex Infotech Solutions,100103,BitLocker Enabled
APX-LAP-104,Laptop,Standard Laptop,In Use,Connected,2024-03-12,2027-03-12,Dell Latitude 5430,Laptop,APX-SN-54304,APX-AD-004,Windows 11 Enterprise,23H2,22631.3007,Intel Core i5-1245U 2.5 GHz,16384 MB,512 GB SSD,Dell P2419H,APX-MN-104,Rahul Sharma,EMP004,L4,Officer,SCM Lead Manager,rahul.sharma@apexcorp.demo,9876543213,Supply Chain,Procurement,HQ - Tech Center,Procurement & vendor management laptop,PO-2024-004,2024-03-01,Apex Infotech Solutions,100104,BitLocker Enabled
APX-LAP-105,Laptop,Ultrabook,In Use,Connected,2024-04-01,2027-04-01,HP EliteBook 840 G9,Laptop,APX-SN-84005,APX-AD-005,Windows 11 Enterprise,23H2,22631.3007,Intel Core i5-1245U 2.5 GHz,16384 MB,512 GB SSD,HP E24 G4,APX-MN-105,Priya Patel,EMP005,L2,Associate,HR Business Partner,priya.patel@apexcorp.demo,9876543214,HR,Talent Management,HQ - Tech Center,HR & payroll workstation,PO-2024-005,2024-03-15,Apex Infotech Solutions,100105,BitLocker Enabled
APX-DESK-201,Desktop,Desktop Workstation,In Use,Connected,2023-11-10,2026-11-10,Dell OptiPlex 7090,Desktop,APX-SN-70901,,Windows 11 Pro,23H2,22631.3007,Intel Core i7-11700 2.50 GHz,32768 MB,1024 GB SSD,Dell P2722H,APX-MN-201,Michael Brown,EMP006,L3,Officer,DevOps & Cloud Engineer,michael.brown@apexcorp.demo,9876543215,IT,Infrastructure,Tech Hub - Austin,High-performance DevOps workstation,PO-2023-110,2023-11-01,Apex Infotech Solutions,100201,BitLocker Enabled
APX-DESK-202,Desktop,Standard Desktop,In Use,Connected,2023-12-05,2026-12-05,HP ProDesk 600 G6,Desktop,APX-SN-60002,,Windows 11 Pro,23H2,22631.3007,Intel Core i5-10500 3.10 GHz,16384 MB,512 GB SSD,HP P24v G4,APX-MN-202,Emily Davis,EMP007,L2,Officer,Senior Accountant,emily.davis@apexcorp.demo,9876543216,Finance,Accounts Payable,HQ - Tech Center,Billing and invoice terminal,PO-2023-120,2023-11-20,Apex Infotech Solutions,100202,BitLocker Enabled
APX-DESK-203,Desktop,Standard Desktop,In Use,Connected,2024-01-20,2027-01-20,Lenovo ThinkCentre M70q,Desktop,APX-SN-70003,,Windows 11 Pro,23H2,22631.3007,Intel Core i5-12400T 2.0 GHz,16384 MB,512 GB SSD,Lenovo T24d,APX-MN-203,David Wilson,EMP008,L4,Officer,Plant Maintenance Head,david.wilson@apexcorp.demo,9876543217,Operations,Plant Operations,Plant Alpha,Plant automation terminal,PO-2024-015,2024-01-10,Apex Infotech Solutions,100203,BitLocker Enabled
APX-LAP-106,Laptop,Standard Laptop,In Use,Connected,2024-02-18,2027-02-18,Dell Latitude 5430,Laptop,APX-SN-54306,APX-AD-006,Windows 11 Enterprise,23H2,22631.3007,Intel Core i5-1245U 2.5 GHz,16384 MB,512 GB SSD,Dell P2419H,APX-MN-106,Sarah Miller,EMP009,L2,Associate,Procurement Specialist,sarah.miller@apexcorp.demo,9876543218,Supply Chain,Procurement,Warehouse North,Material procurement laptop,PO-2024-022,2024-02-05,Apex Infotech Solutions,100106,BitLocker Enabled
APX-LAP-107,Laptop,Mobile Workstation,In Use,Connected,2024-03-01,2027-03-01,Lenovo ThinkPad P14s,Laptop,APX-SN-14007,APX-AD-007,Windows 11 Enterprise,23H2,22631.3007,AMD Ryzen 7 PRO 7840U,32768 MB,1024 GB NVMe SSD,Lenovo T27q,APX-MN-107,James Taylor,EMP010,L3,Officer,Network Administrator,james.taylor@apexcorp.demo,9876543219,IT,Infrastructure,Tech Hub - Austin,Network monitoring and infrastructure laptop,PO-2024-030,2024-02-20,Apex Infotech Solutions,100107,BitLocker Enabled
APX-SRV-301,Server,Rack Server,In Use,Connected,2023-06-15,2028-06-15,Dell PowerEdge R740,Server,APX-SRV-7401,,Red Hat Enterprise Linux 9.2,9.2,5.14.0,2x Intel Xeon Gold 6248R 3.0 GHz,131072 MB,8x 1.92TB SAS SSD RAID 10,,,John Doe,EMP001,L4,Officer,Enterprise Architect,john.doe@apexcorp.demo,9876543210,IT,Data Center,HQ - Data Center,Core SAP Application Production Server,PO-2023-050,2023-05-15,Enterprise Hardware Systems,100301,Hardware Encrypted
APX-NAS-401,NAS Storage,Network Storage,In Use,Connected,2023-08-20,2026-08-20,Synology RackStation RS3621xs+,Storage,APX-NAS-3621,,DSM 7.2,7.2,64570,Intel Xeon D-1541 2.1 GHz,65536 MB,12x 16TB Enterprise HDD,,,Michael Brown,EMP006,L3,Officer,DevOps & Cloud Engineer,michael.brown@apexcorp.demo,9876543215,IT,Data Center,HQ - Data Center,Primary backup repository NAS,PO-2023-085,2023-08-01,Enterprise Hardware Systems,100401,AES-256
APX-LAP-108,Laptop,Standard Laptop,IT Stock,Isolated,2024-04-10,2027-04-10,Dell Latitude 5430,Laptop,APX-SN-54308,APX-AD-008,Windows 11 Enterprise,23H2,22631.3007,Intel Core i5-1245U 2.5 GHz,16384 MB,512 GB SSD,,,,,,,,,,IT,IT Operations,HQ - Tech Center,Spare pool laptop ready for deployment,PO-2024-040,2024-04-01,Apex Infotech Solutions,100108,BitLocker Enabled
APX-LAP-109,Laptop,Standard Laptop,IT Stock,Isolated,2024-04-10,2027-04-10,HP EliteBook 840 G9,Laptop,APX-SN-84009,APX-AD-009,Windows 11 Enterprise,23H2,22631.3007,Intel Core i5-1245U 2.5 GHz,16384 MB,512 GB SSD,,,,,,,,,,IT,IT Operations,Tech Hub - Austin,Spare pool laptop in Austin IT locker,PO-2024-040,2024-04-01,Apex Infotech Solutions,100109,BitLocker Enabled
APX-DESK-204,Desktop,Standard Desktop,IT Stock,Isolated,2024-01-15,2027-01-15,Dell OptiPlex 7090,Desktop,APX-SN-70904,,Windows 11 Pro,23H2,22631.3007,Intel Core i5-11500 2.7 GHz,16384 MB,512 GB SSD,,,,,,,,,,Operations,Plant IT,Plant Alpha,Replacement terminal for plant floor,PO-2024-010,2024-01-05,Apex Infotech Solutions,100204,BitLocker Enabled
APX-SRV-302,Server,Rack Server,IT Stock,Isolated,2024-02-01,2029-02-01,Dell PowerEdge R640,Server,APX-SRV-6402,,Red Hat Enterprise Linux 9.2,9.2,5.14.0,2x Intel Xeon Silver 4314 2.4 GHz,65536 MB,4x 960GB SAS SSD,,,,,,,,,,IT,Data Center,HQ - Data Center,Staging DR Server node,PO-2024-020,2024-01-20,Enterprise Hardware Systems,100302,Hardware Encrypted
